Position,Name + ID,Name,ID,Roster Position,Salary,Game Info,TeamAbbrev,AvgPointsPerGame
PG/SG,James Harden (12083399),James Harden,12083399,PG/SG/G/UTIL,11800,HOU@MIN 02/13/2019 08:00PM ET,HOU,63.25
SF/PF,Giannis Antetokounmpo (12083403),Giannis Antetokounmpo,12083403,SF/PF/F/UTIL,11200,MIL@IND 02/13/2019 07:00PM ET,MIL,56.99
C,Joel Embiid (12083407),Joel Embiid,12083407,C/UTIL,10600,PHI@NY 02/13/2019 07:30PM ET,PHI,54.71
C,Karl-Anthony Towns (12083409),Karl-Anthony Towns,12083409,C/UTIL,10300,HOU@MIN 02/13/2019 08:00PM ET,MIN,48.84
C,Nikola Jokic (12083411),Nikola Jokic,12083411,C/UTIL,10100,SAC@DEN 02/13/2019 09:00PM ET,DEN,49.78
PG,Kyrie Irving (12083417),Kyrie Irving,12083417,PG/G/UTIL,9400,DET@BOS 02/13/2019 07:30PM ET,BOS,44.54
SF/PF,Kawhi Leonard (12083413),Kawhi Leonard,12083413,SF/PF/F/UTIL,9400,WAS@TOR 02/13/2019 07:30PM ET,TOR,46.34
SF/PF,Kevin Durant (12083420),Kevin Durant,12083420,SF/PF/F/UTIL,9300,GS@POR 02/13/2019 10:30PM ET,GS,48.8
PG/SG,Stephen Curry (12083424),Stephen Curry,12083424,PG/SG/G/UTIL,9200,GS@POR 02/13/2019 10:30PM ET,GS,47.34
C,Andre Drummond (12083428),Andre Drummond,12083428,C/UTIL,9100,DET@BOS 02/13/2019 07:30PM ET,DET,44.64
PF/C,Blake Griffin (12083430),Blake Griffin,12083430,PF/C/F/UTIL,8900,DET@BOS 02/13/2019 07:30PM ET,DET,46.6
PG/SF,Luka Doncic (12083434),Luka Doncic,12083434,PG/SF/F/G/UTIL,8800,MIA@DAL 02/13/2019 08:30PM ET,DAL,40.71
SG,Bradley Beal (12083439),Bradley Beal,12083439,SG/G/UTIL,8700,WAS@TOR 02/13/2019 07:30PM ET,WAS,43.87
PG,Damian Lillard (12083442),Damian Lillard,12083442,PG/G/UTIL,8600,GS@POR 02/13/2019 10:30PM ET,POR,44.92
PG/SG,D'Angelo Russell (12083445),D'Angelo Russell,12083445,PG/SG/G/UTIL,8500,BKN@CLE 02/13/2019 07:00PM ET,BKN,37.48
PG/SF,Ben Simmons (12083449),Ben Simmons,12083449,PG/SF/F/G/UTIL,8400,PHI@NY 02/13/2019 07:30PM ET,PHI,43.58
PG/SG,Devin Booker (12083454),Devin Booker,12083454,PG/SG/G/UTIL,8300,PHO@LAC 02/13/2019 10:30PM ET,PHO,41.24
PF/C,Lauri Markkanen (12083458),Lauri Markkanen,12083458,PF/C/F/UTIL,8100,MEM@CHI 02/13/2019 08:00PM ET,CHI,35.04
PG,Mike Conley (12083462),Mike Conley,12083462,PG/G/UTIL,7800,MEM@CHI 02/13/2019 08:00PM ET,MEM,37.86
PG,Chris Paul (12083465),Chris Paul,12083465,PG/G/UTIL,7600,HOU@MIN 02/13/2019 08:00PM ET,HOU,37.67
PG,De'Aaron Fox (12083468),De'Aaron Fox,12083468,PG/G/UTIL,7500,SAC@DEN 02/13/2019 09:00PM ET,SAC,36.31
C,Jusuf Nurkic (12083471),Jusuf Nurkic,12083471,C/UTIL,7400,GS@POR 02/13/2019 10:30PM ET,POR,37.47
PG/SG,Zach LaVine (12083473),Zach LaVine,12083473,PG/SG/G/UTIL,7300,MEM@CHI 02/13/2019 08:00PM ET,CHI,37.2
PG,Kyle Lowry (12083477),Kyle Lowry,12083477,PG/G/UTIL,7300,WAS@TOR 02/13/2019 07:30PM ET,TOR,37.7
SG/SF,Jimmy Butler (12083480),Jimmy Butler,12083480,SG/SF/F/G/UTIL,7200,PHI@NY 02/13/2019 07:30PM ET,PHI,36.64
PG/SG,Lou Williams (12083485),Lou Williams,12083485,PG/SG/G/UTIL,7100,PHO@LAC 02/13/2019 10:30PM ET,LAC,32.42
C,Clint Capela (12083489),Clint Capela,12083489,C/UTIL,7100,HOU@MIN 02/13/2019 08:00PM ET,HOU,40.64
PF/C,Kevin Love (12083495),Kevin Love,12083495,PF/C/F/UTIL,7000,BKN@CLE 02/13/2019 07:00PM ET,CLE,34.08
SF/PF,Danilo Gallinari (12083491),Danilo Gallinari,12083491,SF/PF/F/UTIL,7000,PHO@LAC 02/13/2019 10:30PM ET,LAC,32.57
PF/C,Montrezl Harrell (12083505),Montrezl Harrell,12083505,PF/C/F/UTIL,6900,PHO@LAC 02/13/2019 10:30PM ET,LAC,31.18
PG,Eric Bledsoe (12083509),Eric Bledsoe,12083509,PG/G/UTIL,6900,MIL@IND 02/13/2019 07:00PM ET,MIL,33.71
PG/SG,CJ McCollum (12083501),CJ McCollum,12083501,PG/SG/G/UTIL,6900,GS@POR 02/13/2019 10:30PM ET,POR,33.1
PG/SG,Terry Rozier (12083512),Terry Rozier,12083512,PG/SG/G/UTIL,6900,DET@BOS 02/13/2019 07:30PM ET,BOS,21.86
C,Hassan Whiteside (12083499),Hassan Whiteside,12083499,C/UTIL,6900,MIA@DAL 02/13/2019 08:30PM ET,MIA,35.59
C,Marc Gasol (12083516),Marc Gasol,12083516,C/UTIL,6800,WAS@TOR 02/13/2019 07:30PM ET,TOR,37.82
SF/PF,Tobias Harris (12083518),Tobias Harris,12083518,SF/PF/F/UTIL,6800,PHI@NY 02/13/2019 07:30PM ET,PHI,37.22
PF/C,Larry Nance Jr. (12083522),Larry Nance Jr.,12083522,PF/C/F/UTIL,6700,BKN@CLE 02/13/2019 07:00PM ET,CLE,27.95
C,Deandre Ayton (12083526),Deandre Ayton,12083526,C/UTIL,6700,PHO@LAC 02/13/2019 10:30PM ET,PHO,36.04
C,Myles Turner (12083532),Myles Turner,12083532,C/UTIL,6600,MIL@IND 02/13/2019 07:00PM ET,IND,31.82
PF/C,Kenneth Faried (12083528),Kenneth Faried,12083528,PF/C/F/UTIL,6600,HOU@MIN 02/13/2019 08:00PM ET,HOU,22.33
SG/SF,Buddy Hield (12083534),Buddy Hield,12083534,SG/SF/F/G/UTIL,6600,SAC@DEN 02/13/2019 09:00PM ET,SAC,32.89
SG/SF,Andrew Wiggins (12083542),Andrew Wiggins,12083542,SG/SF/F/G/UTIL,6500,HOU@MIN 02/13/2019 08:00PM ET,MIN,30.79
SG,Klay Thompson (12083539),Klay Thompson,12083539,SG/G/UTIL,6500,GS@POR 02/13/2019 10:30PM ET,GS,34.6
PF/C,Pascal Siakam (12083547),Pascal Siakam,12083547,PF/C/F/UTIL,6500,WAS@TOR 02/13/2019 07:30PM ET,TOR,31.65
SG/SF,Khris Middleton (12083551),Khris Middleton,12083551,SG/SF/F/G/UTIL,6400,MIL@IND 02/13/2019 07:00PM ET,MIL,33.18
SG/SF,Josh Richardson (12083559),Josh Richardson,12083559,SG/SF/F/G/UTIL,6300,MIA@DAL 02/13/2019 08:30PM ET,MIA,31.5
PF/C,Bobby Portis (12083564),Bobby Portis,12083564,PF/C/F/UTIL,6300,WAS@TOR 02/13/2019 07:30PM ET,WAS,28.5
PG,Dennis Smith Jr. (12083556),Dennis Smith Jr.,12083556,PG/G/UTIL,6300,PHI@NY 02/13/2019 07:30PM ET,NY,26.83
PG/SG,Jamal Murray (12083568),Jamal Murray,12083568,PG/SG/G/UTIL,6200,SAC@DEN 02/13/2019 09:00PM ET,DEN,33.55
PF/C,Al Horford (12083572),Al Horford,12083572,PF/C/F/UTIL,6200,DET@BOS 02/13/2019 07:30PM ET,BOS,31.44
PF/C,Jaren Jackson Jr. (12083580),Jaren Jackson Jr.,12083580,PF/C/F/UTIL,6100,MEM@CHI 02/13/2019 08:00PM ET,MEM,25.69
PF/C,Nikola Mirotic (12083576),Nikola Mirotic,12083576,PF/C/F/UTIL,6100,MIL@IND 02/13/2019 07:00PM ET,MIL,32.78
SF/PF,Jayson Tatum (12083584),Jayson Tatum,12083584,SF/PF/F/UTIL,6100,DET@BOS 02/13/2019 07:30PM ET,BOS,31.1
PF/C,Serge Ibaka (12083588),Serge Ibaka,12083588,PF/C/F/UTIL,6100,WAS@TOR 02/13/2019 07:30PM ET,TOR,31.56
PG/SG,Kris Dunn (12083592),Kris Dunn,12083592,PG/SG/G/UTIL,6000,MEM@CHI 02/13/2019 08:00PM ET,CHI,29.75
PG/SG,Spencer Dinwiddie (12083602),Spencer Dinwiddie,12083602,PG/SG/G/UTIL,6000,BKN@CLE 02/13/2019 07:00PM ET,BKN,29.31
SF/PF,Thaddeus Young (12083596),Thaddeus Young,12083596,SF/PF/F/UTIL,6000,MIL@IND 02/13/2019 07:00PM ET,IND,27.69
C,DeMarcus Cousins (12083600),DeMarcus Cousins,12083600,C/UTIL,6000,GS@POR 02/13/2019 10:30PM ET,GS,32.39
PF/C,Draymond Green (12083606),Draymond Green,12083606,PF/C/F/UTIL,6000,GS@POR 02/13/2019 10:30PM ET,GS,32.01
SF/PF,Josh Jackson (12083610),Josh Jackson,12083610,SF/PF/F/UTIL,5900,PHO@LAC 02/13/2019 10:30PM ET,PHO,22.78
PG/SG,Derrick Rose (12083614),Derrick Rose,12083614,PG/SG/G/UTIL,5900,HOU@MIN 02/13/2019 08:00PM ET,MIN,30.72
SF/PF,Robert Covington (12083622),Robert Covington,12083622,SF/PF/F/UTIL,5900,HOU@MIN 02/13/2019 08:00PM ET,MIN,29.69
PF/C,Marvin Bagley III (12083618),Marvin Bagley III,12083618,PF/C/F/UTIL,5900,SAC@DEN 02/13/2019 09:00PM ET,SAC,26.26
PG/SG,Tomas Satoransky (12083626),Tomas Satoransky,12083626,PG/SG/G/UTIL,5900,WAS@TOR 02/13/2019 07:30PM ET,WAS,20.65
PF/C,Ivan Rabb (12083636),Ivan Rabb,12083636,PF/C/F/UTIL,5800,MEM@CHI 02/13/2019 08:00PM ET,MEM,11.33
PG,Darren Collison (12083633),Darren Collison,12083633,PG/G/UTIL,5800,MIL@IND 02/13/2019 07:00PM ET,IND,25.95
PG,Jeff Teague (12083630),Jeff Teague,12083630,PG/G/UTIL,5800,HOU@MIN 02/13/2019 08:00PM ET,MIN,29.52
C,Tristan Thompson (12083655),Tristan Thompson,12083655,C/UTIL,5700,BKN@CLE 02/13/2019 07:00PM ET,CLE,31.14
SG/SF,Kelly Oubre Jr. (12083640),Kelly Oubre Jr.,12083640,SG/SF/F/G/UTIL,5700,PHO@LAC 02/13/2019 10:30PM ET,PHO,25.13
PF/C,Mason Plumlee (12083645),Mason Plumlee,12083645,PF/C/F/UTIL,5700,SAC@DEN 02/13/2019 09:00PM ET,DEN,22.63
SF/PF,Trevor Ariza (12083651),Trevor Ariza,12083651,SF/PF/F/UTIL,5700,WAS@TOR 02/13/2019 07:30PM ET,WAS,29.12
C,DeAndre Jordan (12083649),DeAndre Jordan,12083649,C/UTIL,5700,PHI@NY 02/13/2019 07:30PM ET,NY,34.11
SF/PF,Otto Porter Jr. (12083662),Otto Porter Jr.,12083662,SF/PF/F/UTIL,5600,MEM@CHI 02/13/2019 08:00PM ET,CHI,27.41
SF/PF,Cedi Osman (12083675),Cedi Osman,12083675,SF/PF/F/UTIL,5600,BKN@CLE 02/13/2019 07:00PM ET,CLE,23.68
SF/PF,T.J. Warren (12083679),T.J. Warren,12083679,SF/PF/F/UTIL,5600,PHO@LAC 02/13/2019 10:30PM ET,PHO,29.26
SG/SF,Bojan Bogdanovic (12083657),Bojan Bogdanovic,12083657,SG/SF/F/G/UTIL,5600,MIL@IND 02/13/2019 07:00PM ET,IND,26.19
PF/C,Domantas Sabonis (12083666),Domantas Sabonis,12083666,PF/C/F/UTIL,5600,MIL@IND 02/13/2019 07:00PM ET,IND,31.43
PG/SG,Reggie Jackson (12083683),Reggie Jackson,12083683,PG/SG/G/UTIL,5600,DET@BOS 02/13/2019 07:30PM ET,DET,26.68
PG/SF,Justise Winslow (12083670),Justise Winslow,12083670,PG/SF/F/G/UTIL,5600,MIA@DAL 02/13/2019 08:30PM ET,MIA,27.5
PG/SG,Malcolm Brogdon (12083687),Malcolm Brogdon,12083687,PG/SG/G/UTIL,5500,MIL@IND 02/13/2019 07:00PM ET,MIL,28.54
SG/SF,Will Barton (12083696),Will Barton,12083696,SG/SF/F/G/UTIL,5500,SAC@DEN 02/13/2019 09:00PM ET,DEN,24.81
C,Dwight Howard (12083701),Dwight Howard,12083701,C/UTIL,5500,WAS@TOR 02/13/2019 07:30PM ET,WAS,27.03
SG/SF,JJ Redick (12083691),JJ Redick,12083691,SG/SF/F/G/UTIL,5500,PHI@NY 02/13/2019 07:30PM ET,PHI,27.63
PG,Goran Dragic (12083707),Goran Dragic,12083707,PG/G/UTIL,5400,MIA@DAL 02/13/2019 08:30PM ET,MIA,28.05
SF/PF,Jabari Parker (12083703),Jabari Parker,12083703,SF/PF/F/UTIL,5400,WAS@TOR 02/13/2019 07:30PM ET,WAS,26.94
PG/SG,Jordan Clarkson (12083710),Jordan Clarkson,12083710,PG/SG/G/UTIL,5300,BKN@CLE 02/13/2019 07:00PM ET,CLE,26.48
C,Willie Cauley-Stein (12083714),Willie Cauley-Stein,12083714,C/UTIL,5300,SAC@DEN 02/13/2019 09:00PM ET,SAC,30.98
PG/SF,Caris LeVert (12083716),Caris LeVert,12083716,PG/SF/F/G/UTIL,5200,BKN@CLE 02/13/2019 07:00PM ET,BKN,30.72
PG/SG,Malik Beasley (12083721),Malik Beasley,12083721,PG/SG/G/UTIL,5200,SAC@DEN 02/13/2019 09:00PM ET,DEN,19
SG,Gary Harris (12083725),Gary Harris,12083725,SG/G/UTIL,5100,SAC@DEN 02/13/2019 09:00PM ET,DEN,25.63
SG/SF,Jaylen Brown (12083733),Jaylen Brown,12083733,SG/SF/F/G/UTIL,5100,DET@BOS 02/13/2019 07:30PM ET,BOS,22.71
SG/SF,Tim Hardaway Jr. (12083728),Tim Hardaway Jr.,12083728,SG/SF/F/G/UTIL,5100,MIA@DAL 02/13/2019 08:30PM ET,DAL,29.48
C,Jarrett Allen (12083738),Jarrett Allen,12083738,C/UTIL,5000,BKN@CLE 02/13/2019 07:00PM ET,BKN,28.2
PG/SG,Patrick Beverley (12083740),Patrick Beverley,12083740,PG/SG/G/UTIL,5000,PHO@LAC 02/13/2019 10:30PM ET,LAC,21.35
SF/PF,Harrison Barnes (12083744),Harrison Barnes,12083744,SF/PF/F/UTIL,5000,SAC@DEN 02/13/2019 09:00PM ET,SAC,27.05
SF/PF,Marcus Morris (12083748),Marcus Morris,12083748,SF/PF/F/UTIL,5000,DET@BOS 02/13/2019 07:30PM ET,BOS,26.74
PG,Collin Sexton (12083771),Collin Sexton,12083771,PG/G/UTIL,4900,BKN@CLE 02/13/2019 07:00PM ET,CLE,23.55
C,Brook Lopez (12083760),Brook Lopez,12083760,C/UTIL,4900,MIL@IND 02/13/2019 07:00PM ET,MIL,25.03
SG/SF,Bogdan Bogdanovic (12083762),Bogdan Bogdanovic,12083762,SG/SF/F/G/UTIL,4900,SAC@DEN 02/13/2019 09:00PM ET,SAC,28.01
SF/PF,Jeff Green (12083752),Jeff Green,12083752,SF/PF/F/UTIL,4900,WAS@TOR 02/13/2019 07:30PM ET,WAS,23.07
PF/C,Thomas Bryant (12083756),Thomas Bryant,12083756,PF/C/F/UTIL,4900,WAS@TOR 02/13/2019 07:30PM ET,WAS,20.8
SF/PF,Kevin Knox (12083767),Kevin Knox,12083767,SF/PF/F/UTIL,4900,PHI@NY 02/13/2019 07:30PM ET,NY,21.23
PF/C,Wendell Carter Jr. (12083791),Wendell Carter Jr.,12083791,PF/C/F/UTIL,4800,MEM@CHI 02/13/2019 08:00PM ET,CHI,25.11
C,Ante Zizic (12083795),Ante Zizic,12083795,C/UTIL,4800,BKN@CLE 02/13/2019 07:00PM ET,CLE,14.87
SG/SF,Mikal Bridges (12083786),Mikal Bridges,12083786,SG/SF/F/G/UTIL,4800,PHO@LAC 02/13/2019 10:30PM ET,PHO,19.57
PG/SG,Marcus Smart (12083778),Marcus Smart,12083778,PG/SG/G/UTIL,4800,DET@BOS 02/13/2019 07:30PM ET,BOS,22.14
SF/PF,Gordon Hayward (12083782),Gordon Hayward,12083782,SF/PF/F/UTIL,4800,DET@BOS 02/13/2019 07:30PM ET,BOS,24.33
PG/SG,Dwyane Wade (12083774),Dwyane Wade,12083774,PG/SG/G/UTIL,4800,MIA@DAL 02/13/2019 08:30PM ET,MIA,26.92
SG/SF,Justin Holiday (12083797),Justin Holiday,12083797,SG/SF/F/G/UTIL,4700,MEM@CHI 02/13/2019 08:00PM ET,MEM,23.24
PF/C,Paul Millsap (12083802),Paul Millsap,12083802,PF/C/F/UTIL,4700,SAC@DEN 02/13/2019 09:00PM ET,DEN,26.94
PG/SG,Fred VanVleet (12083806),Fred VanVleet,12083806,PG/SG/G/UTIL,4700,WAS@TOR 02/13/2019 07:30PM ET,TOR,23.24
PG,Emmanuel Mudiay (12083810),Emmanuel Mudiay,12083810,PG/G/UTIL,4700,PHI@NY 02/13/2019 07:30PM ET,NY,26.13
SG/SF,Joe Harris (12083820),Joe Harris,12083820,SG/SF/F/G/UTIL,4600,BKN@CLE 02/13/2019 07:00PM ET,BKN,23.91
SF/PF,DeMarre Carroll (12083828),DeMarre Carroll,12083828,SF/PF/F/UTIL,4600,BKN@CLE 02/13/2019 07:00PM ET,BKN,21.12
PG/SG,Shai Gilgeous-Alexander (12083813),Shai Gilgeous-Alexander,12083813,PG/SG/G/UTIL,4600,PHO@LAC 02/13/2019 10:30PM ET,LAC,20.59
PF,Dario Saric (12083825),Dario Saric,12083825,PF/F/UTIL,4600,HOU@MIN 02/13/2019 08:00PM ET,MIN,21
PG,Monte Morris (12083817),Monte Morris,12083817,PG/G/UTIL,4600,SAC@DEN 02/13/2019 09:00PM ET,DEN,22.27
PG/SG,Tyler Johnson (12083841),Tyler Johnson,12083841,PG/SG/G/UTIL,4500,PHO@LAC 02/13/2019 10:30PM ET,PHO,20.73
SG/SF,Eric Gordon (12083832),Eric Gordon,12083832,SG/SF/F/G/UTIL,4500,HOU@MIN 02/13/2019 08:00PM ET,HOU,24.86
SF/PF,Al-Farouq Aminu (12083837),Al-Farouq Aminu,12083837,SF/PF/F/UTIL,4500,GS@POR 02/13/2019 10:30PM ET,POR,24.09
SG/SF,Wesley Matthews (12083847),Wesley Matthews,12083847,SG/SF/F/G/UTIL,4400,MIL@IND 02/13/2019 07:00PM ET,IND,21.53
C,Dwight Powell (12083845),Dwight Powell,12083845,C/UTIL,4400,MIA@DAL 02/13/2019 08:30PM ET,DAL,17.73
PG/SG,Shabazz Napier (12083857),Shabazz Napier,12083857,PG/SG/G/UTIL,4300,BKN@CLE 02/13/2019 07:00PM ET,BKN,18.64
PG/SG,Cory Joseph (12083861),Cory Joseph,12083861,PG/SG/G/UTIL,4300,MIL@IND 02/13/2019 07:00PM ET,IND,20.32
SG/SF,Dion Waiters (12083852),Dion Waiters,12083852,SG/SF/F/G/UTIL,4300,MIA@DAL 02/13/2019 08:30PM ET,MIA,17.66
PG,Jeremy Lin (12084754),Jeremy Lin,12084754,PG/G/UTIL,4300,WAS@TOR 02/13/2019 07:30PM ET,TOR,20.21
C,Jonas Valanciunas (12083873),Jonas Valanciunas,12083873,C/UTIL,4200,MEM@CHI 02/13/2019 08:00PM ET,MEM,25.86
SF/PF,P.J. Tucker (12083869),P.J. Tucker,12083869,SF/PF/F/UTIL,4200,HOU@MIN 02/13/2019 08:00PM ET,HOU,21.97
PF/C,Noah Vonleh (12083865),Noah Vonleh,12083865,PF/C/F/UTIL,4200,PHI@NY 02/13/2019 07:30PM ET,NY,24.87
SG/SF,Tyreke Evans (12083883),Tyreke Evans,12083883,SG/SF/F/G/UTIL,4100,MIL@IND 02/13/2019 07:00PM ET,IND,19.67
SF/PF,Luol Deng (12083875),Luol Deng,12083875,SF/PF/F/UTIL,4100,HOU@MIN 02/13/2019 08:00PM ET,MIN,13.71
SF/PF,Jake Layman (12083892),Jake Layman,12083892,SF/PF/F/UTIL,4100,GS@POR 02/13/2019 10:30PM ET,POR,14.52
PF/C,James Johnson (12083888),James Johnson,12083888,PF/C/F/UTIL,4100,MIA@DAL 02/13/2019 08:30PM ET,MIA,17.47
SG/SF,Danny Green (12083896),Danny Green,12083896,SG/SF/F/G/UTIL,4100,WAS@TOR 02/13/2019 07:30PM ET,TOR,21.14
PG/SG,Kadeem Allen (12083879),Kadeem Allen,12083879,PG/SG/G/UTIL,4100,PHI@NY 02/13/2019 07:30PM ET,NY,20.56
C,Mitchell Robinson (12083901),Mitchell Robinson,12083901,C/UTIL,4100,PHI@NY 02/13/2019 07:30PM ET,NY,17.54
C,Joakim Noah (12083932),Joakim Noah,12083932,C/UTIL,4000,MEM@CHI 02/13/2019 08:00PM ET,MEM,14.91
SG/SF,Landry Shamet (12083927),Landry Shamet,12083927,SG/SF/F/G/UTIL,4000,PHO@LAC 02/13/2019 10:30PM ET,LAC,14.11
C,Ivica Zubac (12083934),Ivica Zubac,12083934,C/UTIL,4000,PHO@LAC 02/13/2019 10:30PM ET,LAC,17.27
PG/SG,Austin Rivers (12083903),Austin Rivers,12083903,PG/SG/G/UTIL,4000,HOU@MIN 02/13/2019 08:00PM ET,HOU,17.65
SG/SF,Josh Okogie (12083911),Josh Okogie,12083911,SG/SF/F/G/UTIL,4000,HOU@MIN 02/13/2019 08:00PM ET,MIN,15.35
PF/C,Taj Gibson (12083936),Taj Gibson,12083936,PF/C/F/UTIL,4000,HOU@MIN 02/13/2019 08:00PM ET,MIN,22.86
PF,Nemanja Bjelica (12083916),Nemanja Bjelica,12083916,PF/F/UTIL,4000,SAC@DEN 02/13/2019 09:00PM ET,SAC,23.34
PG,Isaiah Thomas (12083940),Isaiah Thomas,12083940,PG/G/UTIL,4000,SAC@DEN 02/13/2019 09:00PM ET,DEN,0
PF/C,Maxi Kleber (12083907),Maxi Kleber,12083907,PF/C/F/UTIL,4000,MIA@DAL 02/13/2019 08:30PM ET,DAL,16.28
PF/C,Kelly Olynyk (12083919),Kelly Olynyk,12083919,PF/C/F/UTIL,4000,MIA@DAL 02/13/2019 08:30PM ET,MIA,18.99
SF/PF,Dorian Finney-Smith (12083923),Dorian Finney-Smith,12083923,SF/PF/F/UTIL,4000,MIA@DAL 02/13/2019 08:30PM ET,DAL,18.09
SF/PF,Chandler Hutchison (12083955),Chandler Hutchison,12083955,SF/PF/F/UTIL,3900,MEM@CHI 02/13/2019 08:00PM ET,CHI,12.85
SF/PF,Kyle Anderson (12083968),Kyle Anderson,12083968,SF/PF/F/UTIL,3900,MEM@CHI 02/13/2019 08:00PM ET,MEM,23.61
PF/C,Marquese Chriss (12083943),Marquese Chriss,12083943,PF/C/F/UTIL,3900,BKN@CLE 02/13/2019 07:00PM ET,CLE,7.66
PF/C,Rondae Hollis-Jefferson (12083951),Rondae Hollis-Jefferson,12083951,PF/C/F/UTIL,3900,BKN@CLE 02/13/2019 07:00PM ET,BKN,20.38
SG/SF,Rodney Hood (12083972),Rodney Hood,12083972,SG/SF/F/G/UTIL,3900,GS@POR 02/13/2019 10:30PM ET,POR,20.09
SG/SF,Luke Kennard (12083963),Luke Kennard,12083963,SG/SF/F/G/UTIL,3900,DET@BOS 02/13/2019 07:30PM ET,DET,15.36
C,Aron Baynes (12083977),Aron Baynes,12083977,C/UTIL,3900,DET@BOS 02/13/2019 07:30PM ET,BOS,14.23
PG/SG,Jalen Brunson (12083947),Jalen Brunson,12083947,PG/SG/G/UTIL,3900,MIA@DAL 02/13/2019 08:30PM ET,DAL,13.77
SF/PF,Mario Hezonja (12083959),Mario Hezonja,12083959,SF/PF/F/UTIL,3900,PHI@NY 02/13/2019 07:30PM ET,NY,15.95
C,Robin Lopez (12084003),Robin Lopez,12084003,C/UTIL,3800,MEM@CHI 02/13/2019 08:00PM ET,CHI,13.61
SG/SF,David Nwaba (12084014),David Nwaba,12084014,SG/SF/F/G/UTIL,3800,BKN@CLE 02/13/2019 07:00PM ET,CLE,13.57
SF/PF,Wilson Chandler (12084019),Wilson Chandler,12084019,SF/PF/F/UTIL,3800,PHO@LAC 02/13/2019 10:30PM ET,LAC,17.85
PG,Tyus Jones (12084023),Tyus Jones,12084023,PG/G/UTIL,3800,HOU@MIN 02/13/2019 08:00PM ET,MIN,16.13
SG/SF,Gerald Green (12084026),Gerald Green,12084026,SG/SF/F/G/UTIL,3800,HOU@MIN 02/13/2019 08:00PM ET,HOU,16.25
SG/SF,Iman Shumpert (12084031),Iman Shumpert,12084031,SG/SF/F/G/UTIL,3800,HOU@MIN 02/13/2019 08:00PM ET,HOU,19.43
SF/PF,Trey Lyles (12083994),Trey Lyles,12083994,SF/PF/F/UTIL,3800,SAC@DEN 02/13/2019 09:00PM ET,DEN,18.36
PG/SG,Alec Burks (12084005),Alec Burks,12084005,PG/SG/G/UTIL,3800,SAC@DEN 02/13/2019 09:00PM ET,SAC,20.89
SG/SF,Andre Iguodala (12084036),Andre Iguodala,12084036,SG/SF/F/G/UTIL,3800,GS@POR 02/13/2019 10:30PM ET,GS,19.1
PF/C,Daniel Theis (12083990),Daniel Theis,12083990,PF/C/F/UTIL,3800,DET@BOS 02/13/2019 07:30PM ET,BOS,15.47
SG/SF,Wayne Ellington (12083998),Wayne Ellington,12083998,SG/SF/F/G/UTIL,3800,DET@BOS 02/13/2019 07:30PM ET,DET,15.22
SF/PF,Derrick Jones Jr. (12084041),Derrick Jones Jr.,12084041,SF/PF/F/UTIL,3800,MIA@DAL 02/13/2019 08:30PM ET,MIA,16.5
PF/C,Bam Adebayo (12084045),Bam Adebayo,12084045,PF/C/F/UTIL,3800,MIA@DAL 02/13/2019 08:30PM ET,MIA,21.56
PG/SG,Chasson Randle (12083979),Chasson Randle,12083979,PG/SG/G/UTIL,3800,WAS@TOR 02/13/2019 07:30PM ET,WAS,11.74
C,Boban Marjanovic (12083983),Boban Marjanovic,12083983,C/UTIL,3800,PHI@NY 02/13/2019 07:30PM ET,PHI,14.63
SG/SF,Damyean Dotson (12083985),Damyean Dotson,12083985,SG/SF/F/G/UTIL,3800,PHI@NY 02/13/2019 07:30PM ET,NY,17.84
SG/SF,Frank Ntilikina (12084009),Frank Ntilikina,12084009,SG/SF/F/G/UTIL,3800,PHI@NY 02/13/2019 07:30PM ET,NY,14.5
SG/SF,Allen Crabbe (12084057),Allen Crabbe,12084057,SG/SF/F/G/UTIL,3700,BKN@CLE 02/13/2019 07:00PM ET,BKN,18.25
PF/C,Richaun Holmes (12084049),Richaun Holmes,12084049,PF/C/F/UTIL,3700,PHO@LAC 02/13/2019 10:30PM ET,PHO,18.2
PF/C,Kevon Looney (12084053),Kevon Looney,12084053,PF/C/F/UTIL,3700,GS@POR 02/13/2019 10:30PM ET,GS,19.15
PG/SG,T.J. McConnell (12084062),T.J. McConnell,12084062,PG/SG/G/UTIL,3700,PHI@NY 02/13/2019 07:30PM ET,PHI,17.64
PG/SG,Delon Wright (12084078),Delon Wright,12084078,PG/SG/G/UTIL,3600,MEM@CHI 02/13/2019 08:00PM ET,MEM,15.99
PG,Elie Okobo (12084070),Elie Okobo,12084070,PG/G/UTIL,3600,PHO@LAC 02/13/2019 10:30PM ET,PHO,13.52
PF/C,Gorgui Dieng (12084082),Gorgui Dieng,12084082,PF/C/F/UTIL,3600,HOU@MIN 02/13/2019 08:00PM ET,MIN,14.17
PG/SG,Trey Burke (12084066),Trey Burke,12084066,PG/SG/G/UTIL,3600,MIA@DAL 02/13/2019 08:30PM ET,DAL,19.6
SG/SF,Norman Powell (12084073),Norman Powell,12084073,SG/SF/F/G/UTIL,3600,WAS@TOR 02/13/2019 07:30PM ET,TOR,15.27
PG/SG,Ryan Arcidiacono (12084103),Ryan Arcidiacono,12084103,PG/SG/G/UTIL,3500,MEM@CHI 02/13/2019 08:00PM ET,CHI,15.89
C,Ed Davis (12084107),Ed Davis,12084107,C/UTIL,3500,BKN@CLE 02/13/2019 07:00PM ET,BKN,19.43
SG/SF,Garrett Temple (12084094),Garrett Temple,12084094,SG/SF/F/G/UTIL,3500,PHO@LAC 02/13/2019 10:30PM ET,LAC,18.45
PG,De'Anthony Melton (12084113),De'Anthony Melton,12084113,PG/G/UTIL,3500,PHO@LAC 02/13/2019 10:30PM ET,PHO,17.33
PF/C,Johnathan Motley (12084116),Johnathan Motley,12084116,PF/C/F/UTIL,3500,PHO@LAC 02/13/2019 10:30PM ET,LAC,9.79
PG/SG,Jerryd Bayless (12084086),Jerryd Bayless,12084086,PG/SG/G/UTIL,3500,HOU@MIN 02/13/2019 08:00PM ET,MIN,17.19
PG/SG,Seth Curry (12084099),Seth Curry,12084099,PG/SG/G/UTIL,3500,GS@POR 02/13/2019 10:30PM ET,POR,10.66
PG/SG,Jordan McRae (12084109),Jordan McRae,12084109,PG/SG/G/UTIL,3500,WAS@TOR 02/13/2019 07:30PM ET,WAS,8.57
PG/SG,Allonzo Trier (12084090),Allonzo Trier,12084090,PG/SG/G/UTIL,3500,PHI@NY 02/13/2019 07:30PM ET,NY,17.4
SG/SF,C.J. Miles (12084125),C.J. Miles,12084125,SG/SF/F/G/UTIL,3400,MEM@CHI 02/13/2019 08:00PM ET,MEM,10.74
SG/SF,Wayne Selden Jr. (12084130),Wayne Selden Jr.,12084130,SG/SF/F/G/UTIL,3400,MEM@CHI 02/13/2019 08:00PM ET,CHI,10.85
PG/SG,Avery Bradley (12084152),Avery Bradley,12084152,PG/SG/G/UTIL,3400,MEM@CHI 02/13/2019 08:00PM ET,MEM,16.82
PG/SG,Jevon Carter (12084156),Jevon Carter,12084156,PG/SG/G/UTIL,3400,MEM@CHI 02/13/2019 08:00PM ET,MEM,9.24
SG/SF,Theo Pinson (12084120),Theo Pinson,12084120,SG/SF/F/G/UTIL,3400,BKN@CLE 02/13/2019 07:00PM ET,BKN,11.43
SF/PF,Rodions Kurucs (12084160),Rodions Kurucs,12084160,SF/PF/F/UTIL,3400,BKN@CLE 02/13/2019 07:00PM ET,BKN,16.02
SF/PF,JaMychal Green (12084135),JaMychal Green,12084135,SF/PF/F/UTIL,3400,PHO@LAC 02/13/2019 10:30PM ET,LAC,21.25
PF/C,Dragan Bender (12084139),Dragan Bender,12084139,PF/C/F/UTIL,3400,PHO@LAC 02/13/2019 10:30PM ET,PHO,9.62
PG/SG,Aaron Holiday (12084164),Aaron Holiday,12084164,PG/SG/G/UTIL,3400,MIL@IND 02/13/2019 07:00PM ET,IND,11.1
SG/SF,Edmond Sumner (12084168),Edmond Sumner,12084168,SG/SF/F/G/UTIL,3400,MIL@IND 02/13/2019 07:00PM ET,IND,5.96
PF/C,Harry Giles (12084148),Harry Giles,12084148,PF/C/F/UTIL,3400,SAC@DEN 02/13/2019 09:00PM ET,SAC,13.71
PG/SG,Yogi Ferrell (12084173),Yogi Ferrell,12084173,PG/SG/G/UTIL,3400,SAC@DEN 02/13/2019 09:00PM ET,SAC,12.47
SG/SF,Patrick McCaw (12084143),Patrick McCaw,12084143,SG/SF/F/G/UTIL,3400,WAS@TOR 02/13/2019 07:30PM ET,TOR,7.06
SF/PF,Treveon Graham (12084211),Treveon Graham,12084211,SF/PF/F/UTIL,3300,BKN@CLE 02/13/2019 07:00PM ET,BKN,12.18
PG/SG,Matthew Dellavedova (12084215),Matthew Dellavedova,12084215,PG/SG/G/UTIL,3300,BKN@CLE 02/13/2019 07:00PM ET,CLE,13.21
PG/SG,Jamal Crawford (12084185),Jamal Crawford,12084185,PG/SG/G/UTIL,3300,PHO@LAC 02/13/2019 10:30PM ET,PHO,13.41
PF/C,D.J. Wilson (12084181),D.J. Wilson,12084181,PF/C/F/UTIL,3300,MIL@IND 02/13/2019 07:00PM ET,MIL,15.38
PF/C,Ersan Ilyasova (12084193),Ersan Ilyasova,12084193,PF/C/F/UTIL,3300,MIL@IND 02/13/2019 07:00PM ET,MIL,14.8
PG/SG,George Hill (12084197),George Hill,12084197,PG/SG/G/UTIL,3300,MIL@IND 02/13/2019 07:00PM ET,MIL,16.08
SG/SF,Torrey Craig (12084201),Torrey Craig,12084201,SG/SF/F/G/UTIL,3300,SAC@DEN 02/13/2019 09:00PM ET,DEN,14.88
SG/SF,Evan Turner (12084206),Evan Turner,12084206,SG/SF/F/G/UTIL,3300,GS@POR 02/13/2019 10:30PM ET,POR,19.86
SG/SF,Alfonzo McKinnie (12084222),Alfonzo McKinnie,12084222,SG/SF/F/G/UTIL,3300,GS@POR 02/13/2019 10:30PM ET,GS,10.97
PG,Quinn Cook (12084227),Quinn Cook,12084227,PG/G/UTIL,3300,GS@POR 02/13/2019 10:30PM ET,GS,13.84
SF/PF,Jonas Jerebko (12084238),Jonas Jerebko,12084238,SF/PF/F/UTIL,3300,GS@POR 02/13/2019 10:30PM ET,GS,16.06
PG,Ish Smith (12084219),Ish Smith,12084219,PG/G/UTIL,3300,DET@BOS 02/13/2019 07:30PM ET,DET,16.66
SG/SF,Bruce Brown Jr. (12084242),Bruce Brown Jr.,12084242,SG/SF/F/G/UTIL,3300,DET@BOS 02/13/2019 07:30PM ET,DET,11.76
PG/SG,Devin Harris (12084189),Devin Harris,12084189,PG/SG/G/UTIL,3300,MIA@DAL 02/13/2019 08:30PM ET,DAL,11.82
SG/SF,Rodney McGruder (12084247),Rodney McGruder,12084247,SG/SF/F/G/UTIL,3300,MIA@DAL 02/13/2019 08:30PM ET,MIA,17.84
SF/PF,OG Anunoby (12084252),OG Anunoby,12084252,SF/PF/F/UTIL,3300,WAS@TOR 02/13/2019 07:30PM ET,TOR,13.6
SF/PF,Sam Dekker (12084256),Sam Dekker,12084256,SF/PF/F/UTIL,3300,WAS@TOR 02/13/2019 07:30PM ET,WAS,14.39
PF/C,Luke Kornet (12084177),Luke Kornet,12084177,PF/C/F/UTIL,3300,PHI@NY 02/13/2019 07:30PM ET,NY,15.33
SF/PF,Mike Scott (12084230),Mike Scott,12084230,SF/PF/F/UTIL,3300,PHI@NY 02/13/2019 07:30PM ET,PHI,11.2
SF/PF,James Ennis III (12084234),James Ennis III,12084234,SF/PF/F/UTIL,3300,PHI@NY 02/13/2019 07:30PM ET,PHI,14.7
PG/SG,Shaquille Harrison (12084267),Shaquille Harrison,12084267,PG/SG/G/UTIL,3200,MEM@CHI 02/13/2019 08:00PM ET,CHI,13.88
SF/PF,Bruno Caboclo (12084281),Bruno Caboclo,12084281,SF/PF/F/UTIL,3200,MEM@CHI 02/13/2019 08:00PM ET,MEM,15.1
SG/SF,Julian Washburn (12084303),Julian Washburn,12084303,SG/SF/F/G/UTIL,3200,MEM@CHI 02/13/2019 08:00PM ET,MEM,7.75
PG/SG,Brandon Knight (12084277),Brandon Knight,12084277,PG/SG/G/UTIL,3200,BKN@CLE 02/13/2019 07:00PM ET,CLE,6.75
PG/SG,Tyrone Wallace (12084308),Tyrone Wallace,12084308,PG/SG/G/UTIL,3200,PHO@LAC 02/13/2019 10:30PM ET,LAC,7.92
SG,Jerome Robinson (12084312),Jerome Robinson,12084312,SG/G/UTIL,3200,PHO@LAC 02/13/2019 10:30PM ET,LAC,6.51
SG/SF,Tony Snell (12084285),Tony Snell,12084285,SG/SF/F/G/UTIL,3200,MIL@IND 02/13/2019 07:00PM ET,MIL,11.64
SG/SF,Pat Connaughton (12084315),Pat Connaughton,12084315,SG/SF/F/G/UTIL,3200,MIL@IND 02/13/2019 07:00PM ET,MIL,14.52
SG/SF,Sterling Brown (12084320),Sterling Brown,12084320,SG/SF/F/G/UTIL,3200,MIL@IND 02/13/2019 07:00PM ET,MIL,12.43
PG,Isaiah Canaan (12084260),Isaiah Canaan,12084260,PG/G/UTIL,3200,HOU@MIN 02/13/2019 08:00PM ET,MIN,15.55
C,Nene Hilario (12084271),Nene Hilario,12084271,C/UTIL,3200,HOU@MIN 02/13/2019 08:00PM ET,HOU,10.32
SF/PF,Anthony Tolliver (12084325),Anthony Tolliver,12084325,SF/PF/F/UTIL,3200,HOU@MIN 02/13/2019 08:00PM ET,MIN,9.55
PF/C,Gary Clark (12084329),Gary Clark,12084329,PF/C/F/UTIL,3200,HOU@MIN 02/13/2019 08:00PM ET,HOU,8.9
PF/C,Isaiah Hartenstein (12084333),Isaiah Hartenstein,12084333,PF/C/F/UTIL,3200,HOU@MIN 02/13/2019 08:00PM ET,HOU,6.12
PF/C,Meyers Leonard (12084263),Meyers Leonard,12084263,PF/C/F/UTIL,3200,GS@POR 02/13/2019 10:30PM ET,POR,13.66
SF/PF,Moe Harkless (12084273),Moe Harkless,12084273,SF/PF/F/UTIL,3200,GS@POR 02/13/2019 10:30PM ET,POR,15.17
PF/C,Zach Collins (12084337),Zach Collins,12084337,PF/C/F/UTIL,3200,GS@POR 02/13/2019 10:30PM ET,POR,15.76
PG/SG,Langston Galloway (12084290),Langston Galloway,12084290,PG/SG/G/UTIL,3200,DET@BOS 02/13/2019 07:30PM ET,DET,14.18
PG/SG,Brad Wanamaker (12084341),Brad Wanamaker,12084341,PG/SG/G/UTIL,3200,DET@BOS 02/13/2019 07:30PM ET,BOS,7.61
SG/SF,Wesley Johnson (12084294),Wesley Johnson,12084294,SG/SF/F/G/UTIL,3200,WAS@TOR 02/13/2019 07:30PM ET,WAS,9.3
C,Ian Mahinmi (12084345),Ian Mahinmi,12084345,C/UTIL,3200,WAS@TOR 02/13/2019 07:30PM ET,WAS,11.68
PF/C,Jonah Bolden (12084299),Jonah Bolden,12084299,PF/C/F/UTIL,3200,PHI@NY 02/13/2019 07:30PM ET,PHI,11.18
SG/SF,Timothe Luwawu-Cabarrot (12084368),Timothe Luwawu-Cabarrot,12084368,SG/SF/F/G/UTIL,3100,MEM@CHI 02/13/2019 08:00PM ET,CHI,5.26
SF/PF,Yuta Watanabe (12084373),Yuta Watanabe,12084373,SF/PF/F/UTIL,3100,MEM@CHI 02/13/2019 08:00PM ET,MEM,6.38
SF/PF,Deng Adel (12084377),Deng Adel,12084377,SF/PF/F/UTIL,3100,BKN@CLE 02/13/2019 07:00PM ET,CLE,5.2
SF/PF,Jaron Blossomgame (12084381),Jaron Blossomgame,12084381,SF/PF/F/UTIL,3100,BKN@CLE 02/13/2019 07:00PM ET,CLE,10.63
SG,Troy Daniels (12084385),Troy Daniels,12084385,SG/G/UTIL,3100,PHO@LAC 02/13/2019 10:30PM ET,PHO,9.09
SG/SF,Sindarius Thornwell (12084388),Sindarius Thornwell,12084388,SG/SF/F/G/UTIL,3100,PHO@LAC 02/13/2019 10:30PM ET,LAC,3.9
SF/PF,Doug McDermott (12084349),Doug McDermott,12084349,SF/PF/F/UTIL,3100,MIL@IND 02/13/2019 07:00PM ET,IND,10.54
SF/PF,TJ Leaf (12084393),TJ Leaf,12084393,SF/PF/F/UTIL,3100,MIL@IND 02/13/2019 07:00PM ET,IND,7.01
PF/C,Jordan Bell (12084353),Jordan Bell,12084353,PF/C/F/UTIL,3100,GS@POR 02/13/2019 10:30PM ET,GS,9.87
C,Zaza Pachulia (12084347),Zaza Pachulia,12084347,C/UTIL,3100,DET@BOS 02/13/2019 07:30PM ET,DET,14.05
PF/C,Jon Leuer (12084357),Jon Leuer,12084357,PF/C/F/UTIL,3100,DET@BOS 02/13/2019 07:30PM ET,DET,9.06
PF/C,Thon Maker (12084397),Thon Maker,12084397,PF/C/F/UTIL,3100,DET@BOS 02/13/2019 07:30PM ET,DET,10.48
PF/C,Robert Williams (12084401),Robert Williams,12084401,PF/C/F/UTIL,3100,DET@BOS 02/13/2019 07:30PM ET,BOS,10.01
C,Salah Mejri (12084361),Salah Mejri,12084361,C/UTIL,3100,MIA@DAL 02/13/2019 08:30PM ET,DAL,6.77
PF/C,Chris Boucher (12084405),Chris Boucher,12084405,PF/C/F/UTIL,3100,WAS@TOR 02/13/2019 07:30PM ET,TOR,8.66
SG/SF,Furkan Korkmaz (12084363),Furkan Korkmaz,12084363,SG/SF/F/G/UTIL,3100,PHI@NY 02/13/2019 07:30PM ET,PHI,11.9
PF/C,Amir Johnson (12084409),Amir Johnson,12084409,PF/C/F/UTIL,3100,PHI@NY 02/13/2019 07:30PM ET,PHI,9.57
PG/SG,Antonio Blakeney (12084417),Antonio Blakeney,12084417,PG/SG/G/UTIL,3000,MEM@CHI 02/13/2019 08:00PM ET,CHI,11.31
PG/SG,Tyler Dorsey (12084426),Tyler Dorsey,12084426,PG/SG/G/UTIL,3000,MEM@CHI 02/13/2019 08:00PM ET,MEM,6.86
SG/SF,Dillon Brooks (12084430),Dillon Brooks,12084430,SG/SF/F/G/UTIL,3000,MEM@CHI 02/13/2019 08:00PM ET,MEM,12.43
SF/PF,Chandler Parsons (12084435),Chandler Parsons,12084435,SF/PF/F/UTIL,3000,MEM@CHI 02/13/2019 08:00PM ET,MEM,9.83
PG/SG,Brandon Sampson (12084439),Brandon Sampson,12084439,PG/SG/G/UTIL,3000,MEM@CHI 02/13/2019 08:00PM ET,CHI,6.5
SG/SF,Rawle Alkins (12084443),Rawle Alkins,12084443,SG/SF/F/G/UTIL,3000,MEM@CHI 02/13/2019 08:00PM ET,CHI,6.12
PG/SF,Denzel Valentine (12084448),Denzel Valentine,12084448,PG/SF/F/G/UTIL,3000,MEM@CHI 02/13/2019 08:00PM ET,CHI,0
C,Cristiano Felicio (12084453),Cristiano Felicio,12084453,C/UTIL,3000,MEM@CHI 02/13/2019 08:00PM ET,CHI,7.58
C,Alan Williams (12084421),Alan Williams,12084421,C/UTIL,3000,BKN@CLE 02/13/2019 07:00PM ET,BKN,10
SF/PF,Jared Dudley (12084455),Jared Dudley,12084455,SF/PF/F/UTIL,3000,BKN@CLE 02/13/2019 07:00PM ET,BKN,12.69
SG/SF,Dzanan Musa (12084459),Dzanan Musa,12084459,SG/SF/F/G/UTIL,3000,BKN@CLE 02/13/2019 07:00PM ET,BKN,3.06
C,John Henson (12084464),John Henson,12084464,C/UTIL,3000,BKN@CLE 02/13/2019 07:00PM ET,CLE,16.02
PF/C,Channing Frye (12084466),Channing Frye,12084466,PF/C/F/UTIL,3000,BKN@CLE 02/13/2019 07:00PM ET,CLE,6.89
SG/SF,J.R. Smith (12084470),J.R. Smith,12084470,SG/SF/F/G/UTIL,3000,BKN@CLE 02/13/2019 07:00PM ET,CLE,14.23
SG/SF,Nik Stauskas (12084746),Nik Stauskas,12084746,SG/SF/F/G/UTIL,3000,BKN@CLE 02/13/2019 07:00PM ET,CLE,11.33
SG/SF,George King (12084475),George King,12084475,SG/SF/F/G/UTIL,3000,PHO@LAC 02/13/2019 10:30PM ET,PHO,1.25
PG,Jawun Evans (12084480),Jawun Evans,12084480,PG/G/UTIL,3000,PHO@LAC 02/13/2019 10:30PM ET,PHO,6.58
C,Angel Delgado (12084483),Angel Delgado,12084483,C/UTIL,3000,PHO@LAC 02/13/2019 10:30PM ET,LAC,10
SF/PF,Luc Richard Mbah a Moute (12084485),Luc Richard Mbah a Moute,12084485,SF/PF/F/UTIL,3000,PHO@LAC 02/13/2019 10:30PM ET,LAC,8.94
PF/C,Christian Wood (12084489),Christian Wood,12084489,PF/C/F/UTIL,3000,MIL@IND 02/13/2019 07:00PM ET,MIL,5.75
PF/C,Bonzie Colson (12084493),Bonzie Colson,12084493,PF/C/F/UTIL,3000,MIL@IND 02/13/2019 07:00PM ET,MIL,0
PG/SF,Donte DiVincenzo (12084497),Donte DiVincenzo,12084497,PG/SF/F/G/UTIL,3000,MIL@IND 02/13/2019 07:00PM ET,MIL,11.13
PG,Trevon Duval (12084502),Trevon Duval,12084502,PG/G/UTIL,3000,MIL@IND 02/13/2019 07:00PM ET,MIL,4.88
PF,Alize Johnson (12084505),Alize Johnson,12084505,PF/F/UTIL,3000,MIL@IND 02/13/2019 07:00PM ET,IND,1.68
PG/SG,Victor Oladipo (12084508),Victor Oladipo,12084508,PG/SG/G/UTIL,3000,MIL@IND 02/13/2019 07:00PM ET,IND,37.56
PF/C,Kyle O'Quinn (12084512),Kyle O'Quinn,12084512,PF/C/F/UTIL,3000,MIL@IND 02/13/2019 07:00PM ET,IND,8.14
SG/SF,Davon Reed (12084516),Davon Reed,12084516,SG/SF/F/G/UTIL,3000,MIL@IND 02/13/2019 07:00PM ET,IND,1.5
SG/SF,C.J. Williams (12084521),C.J. Williams,12084521,SG/SF/F/G/UTIL,3000,HOU@MIN 02/13/2019 08:00PM ET,MIN,3.69
SF,Keita Bates-Diop (12084526),Keita Bates-Diop,12084526,SF/F/UTIL,3000,HOU@MIN 02/13/2019 08:00PM ET,MIN,2.5
PG/SG,Jared Terrell (12084529),Jared Terrell,12084529,PG/SG/G/UTIL,3000,HOU@MIN 02/13/2019 08:00PM ET,MIN,5.96
PG/SF,Vincent Edwards (12084533),Vincent Edwards,12084533,PG/SF/F/G/UTIL,3000,HOU@MIN 02/13/2019 08:00PM ET,HOU,3
SF/PF,Danuel House Jr. (12084538),Danuel House Jr.,12084538,SF/PF/F/UTIL,3000,HOU@MIN 02/13/2019 08:00PM ET,HOU,17.29
SF/PF,Juancho Hernangomez (12084413),Juancho Hernangomez,12084413,SF/PF/F/UTIL,3000,SAC@DEN 02/13/2019 09:00PM ET,DEN,16.31
PG/SG,Frank Mason III (12084542),Frank Mason III,12084542,PG/SG/G/UTIL,3000,SAC@DEN 02/13/2019 09:00PM ET,SAC,10.76
SF/PF,Troy Williams (12084546),Troy Williams,12084546,SF/PF/F/UTIL,3000,SAC@DEN 02/13/2019 09:00PM ET,SAC,12.54
PF/C,Caleb Swanigan (12084550),Caleb Swanigan,12084550,PF/C/F/UTIL,3000,SAC@DEN 02/13/2019 09:00PM ET,SAC,6.25
SG/SF,Corey Brewer (12084554),Corey Brewer,12084554,SG/SF/F/G/UTIL,3000,SAC@DEN 02/13/2019 09:00PM ET,SAC,16.46
C,Kosta Koufos (12084559),Kosta Koufos,12084559,C/UTIL,3000,SAC@DEN 02/13/2019 09:00PM ET,SAC,12.03
SF/PF,Wenyen Gabriel (12084561),Wenyen Gabriel,12084561,SF/PF/F/UTIL,3000,SAC@DEN 02/13/2019 09:00PM ET,SAC,0
PF,Tyler Lydon (12084565),Tyler Lydon,12084565,PF/F/UTIL,3000,SAC@DEN 02/13/2019 09:00PM ET,DEN,2.5
SF/PF,Michael Porter Jr. (12084568),Michael Porter Jr.,12084568,SF/PF/F/UTIL,3000,SAC@DEN 02/13/2019 09:00PM ET,DEN,0
SF/PF,Jarred Vanderbilt (12084572),Jarred Vanderbilt,12084572,SF/PF/F/UTIL,3000,SAC@DEN 02/13/2019 09:00PM ET,DEN,7.25
C,Thomas Welsh (12084576),Thomas Welsh,12084576,C/UTIL,3000,SAC@DEN 02/13/2019 09:00PM ET,DEN,3.71
PG/SG,Brandon Goodwin (12084578),Brandon Goodwin,12084578,PG/SG/G/UTIL,3000,SAC@DEN 02/13/2019 09:00PM ET,DEN,3.38
SG,Gary Trent Jr. (12084582),Gary Trent Jr.,12084582,SG/G/UTIL,3000,GS@POR 02/13/2019 10:30PM ET,POR,2.94
PF/C,Skal Labissiere (12084585),Skal Labissiere,12084585,PF/C/F/UTIL,3000,GS@POR 02/13/2019 10:30PM ET,POR,6.42
PG/SG,Anfernee Simons (12084589),Anfernee Simons,12084589,PG/SG/G/UTIL,3000,GS@POR 02/13/2019 10:30PM ET,POR,2.39
C,Damian Jones (12084593),Damian Jones,12084593,C/UTIL,3000,GS@POR 02/13/2019 10:30PM ET,GS,13.82
SG/SF,Damion Lee (12084595),Damion Lee,12084595,SG/SF/F/G/UTIL,3000,GS@POR 02/13/2019 10:30PM ET,GS,8.74
PG,Shaun Livingston (12084600),Shaun Livingston,12084600,PG/G/UTIL,3000,GS@POR 02/13/2019 10:30PM ET,GS,11.48
SF,Marcus Derrickson (12084603),Marcus Derrickson,12084603,SF/F/UTIL,3000,GS@POR 02/13/2019 10:30PM ET,GS,4.72
SG/SF,Jacob Evans III (12084606),Jacob Evans III,12084606,SG/SF/F/G/UTIL,3000,GS@POR 02/13/2019 10:30PM ET,GS,2.26
PG,Jose Calderon (12084423),Jose Calderon,12084423,PG/G/UTIL,3000,DET@BOS 02/13/2019 07:30PM ET,DET,8.84
PG,Kalin Lucas (12084611),Kalin Lucas,12084611,PG/G/UTIL,3000,DET@BOS 02/13/2019 07:30PM ET,DET,7.25
SF/PF,Glenn Robinson III (12084614),Glenn Robinson III,12084614,SF/PF/F/UTIL,3000,DET@BOS 02/13/2019 07:30PM ET,DET,7.27
SG,Khyri Thomas (12084618),Khyri Thomas,12084618,SG/G/UTIL,3000,DET@BOS 02/13/2019 07:30PM ET,DET,5.68
PF,Henry Ellenson (12084621),Henry Ellenson,12084621,PF/F/UTIL,3000,DET@BOS 02/13/2019 07:30PM ET,DET,12.88
PG/SG,Isaiah Whitehead (12084624),Isaiah Whitehead,12084624,PG/SG/G/UTIL,3000,DET@BOS 02/13/2019 07:30PM ET,DET,0
SG/SF,Svi Mykhailiuk (12084628),Svi Mykhailiuk,12084628,SG/SF/F/G/UTIL,3000,DET@BOS 02/13/2019 07:30PM ET,DET,6.44
PG/SG,PJ Dozier (12084633),PJ Dozier,12084633,PG/SG/G/UTIL,3000,DET@BOS 02/13/2019 07:30PM ET,BOS,4.17
PF/C,Guerschon Yabusele (12084637),Guerschon Yabusele,12084637,PF/C/F/UTIL,3000,DET@BOS 02/13/2019 07:30PM ET,BOS,4.96
SG,R.J. Hunter (12084641),R.J. Hunter,12084641,SG/G/UTIL,3000,DET@BOS 02/13/2019 07:30PM ET,BOS,0
SF/PF,Semi Ojeleye (12084644),Semi Ojeleye,12084644,SF/PF/F/UTIL,3000,DET@BOS 02/13/2019 07:30PM ET,BOS,6.36
PF/C,Ryan Anderson (12084648),Ryan Anderson,12084648,PF/C/F/UTIL,3000,MIA@DAL 02/13/2019 08:30PM ET,MIA,9.05
PF,Udonis Haslem (12084652),Udonis Haslem,12084652,PF/F/UTIL,3000,MIA@DAL 02/13/2019 08:30PM ET,MIA,3.08
PF,Yante Maten (12084655),Yante Maten,12084655,PF/F/UTIL,3000,MIA@DAL 02/13/2019 08:30PM ET,MIA,0
SG/SF,Duncan Robinson (12084658),Duncan Robinson,12084658,SG/SF/F/G/UTIL,3000,MIA@DAL 02/13/2019 08:30PM ET,MIA,3.29
SG/SF,Ryan Broekhoff (12084663),Ryan Broekhoff,12084663,SG/SF/F/G/UTIL,3000,MIA@DAL 02/13/2019 08:30PM ET,DAL,5.77
PG/SG,J.J. Barea (12084668),J.J. Barea,12084668,PG/SG/G/UTIL,3000,MIA@DAL 02/13/2019 08:30PM ET,DAL,23.26
PF/C,Dirk Nowitzki (12084672),Dirk Nowitzki,12084672,PF/C/F/UTIL,3000,MIA@DAL 02/13/2019 08:30PM ET,DAL,8.25
SG/SF,Courtney Lee (12084676),Courtney Lee,12084676,SG/SF/F/G/UTIL,3000,MIA@DAL 02/13/2019 08:30PM ET,DAL,9.2
PF/C,Kristaps Porzingis (12084681),Kristaps Porzingis,12084681,PF/C/F/UTIL,3000,MIA@DAL 02/13/2019 08:30PM ET,DAL,0
SG/SF,Justin Jackson (12084685),Justin Jackson,12084685,SG/SF/F/G/UTIL,3000,MIA@DAL 02/13/2019 08:30PM ET,DAL,13.37
PG/SG,Daryl Macon (12084690),Daryl Macon,12084690,PG/SG/G/UTIL,3000,MIA@DAL 02/13/2019 08:30PM ET,DAL,1.38
SF/PF,Kostas Antetokounmpo (12084694),Kostas Antetokounmpo,12084694,SF/PF/F/UTIL,3000,MIA@DAL 02/13/2019 08:30PM ET,DAL,0
PG/SG,Jordan Loyd (12084698),Jordan Loyd,12084698,PG/SG/G/UTIL,3000,WAS@TOR 02/13/2019 07:30PM ET,TOR,3.96
PG,John Wall (12084702),John Wall,12084702,PG/G/UTIL,3000,WAS@TOR 02/13/2019 07:30PM ET,WAS,42.58
SG,Devin Robinson (12084705),Devin Robinson,12084705,SG/G/UTIL,3000,WAS@TOR 02/13/2019 07:30PM ET,WAS,9.69
SG/SF,Troy Brown (12084708),Troy Brown,12084708,SG/SF/F/G/UTIL,3000,WAS@TOR 02/13/2019 07:30PM ET,WAS,6.2
PF,Malcolm Miller (12084751),Malcolm Miller,12084751,PF/F/UTIL,3000,WAS@TOR 02/13/2019 07:30PM ET,TOR,0
SG/SF,Jonathon Simmons (12084713),Jonathon Simmons,12084713,SG/SF/F/G/UTIL,3000,PHI@NY 02/13/2019 07:30PM ET,PHI,14.3
PG/SG,Shake Milton (12084718),Shake Milton,12084718,PG/SG/G/UTIL,3000,PHI@NY 02/13/2019 07:30PM ET,PHI,8.92
C,Justin Patton (12084722),Justin Patton,12084722,C/UTIL,3000,PHI@NY 02/13/2019 07:30PM ET,PHI,0
SG/SF,Haywood Highsmith (12084724),Haywood Highsmith,12084724,SG/SF/F/G/UTIL,3000,PHI@NY 02/13/2019 07:30PM ET,PHI,3.88
SG/SF,Zhaire Smith (12084729),Zhaire Smith,12084729,SG/SF/F/G/UTIL,3000,PHI@NY 02/13/2019 07:30PM ET,PHI,0
PF/C,Isaiah Hicks (12084734),Isaiah Hicks,12084734,PF/C/F/UTIL,3000,PHI@NY 02/13/2019 07:30PM ET,NY,2.5
SF/PF,Lance Thomas (12084738),Lance Thomas,12084738,SF/PF/F/UTIL,3000,PHI@NY 02/13/2019 07:30PM ET,NY,9.12
PG/SG,John Jenkins (12084742),John Jenkins,12084742,PG/SG/G/UTIL,3000,PHI@NY 02/13/2019 07:30PM ET,NY,3.75
